User ID,Occupation (O*NET-SOC Title),Gender,Race,Income,Age,Education,Experience,AI Tedious Work Attitude,AI Job Importance Attitude,AI Daily Interest Attitude,AI Suffering Attitude,Zip Code,Political Affiliation,LLM Familiarity,LLM Use in Work,LLM Usage by Type - Information Access,LLM Usage by Type - Edit,LLM Usage by Type - Idea Generation,LLM Usage by Type - Communication,LLM Usage by Type - Analysis,LLM Usage by Type - Decision,LLM Usage by Type - Coding,LLM Usage by Type - System Design,LLM Usage by Type - Data Processing,Recruitment Source
231576cd-4cc2-4dee-91cb-6bb0105d06db,Information Technology Project Managers,Male,White,60-86K,25,Bachelor’s Degree,3-5 years,Strongly agree,Somewhat disagree,Strongly agree,Somewhat disagree,2155,Independent,I have some experience using them.,"Yes, I have used them occasionally for specific tasks.",Never,Weekly,Never,Weekly,Never,Never,Monthly,Never,Weekly,Prolific
1ea438f6-b348-41ef-a3b7-0d3ea26da742,Computer Systems Engineers/Architects,Male,White,209K-529K,52,"Some College, No Degree",More than 10 years,Somewhat agree,Somewhat disagree,Somewhat agree,Neither agree nor disagree,,Independent,I use them regularly.,"Yes, I use them every week in my work.",Weekly,Weekly,Weekly,Weekly,Weekly,Weekly,Weekly,Weekly,Weekly,Prolific
e2d91683-e436-429f-aaa2-ba6c47d0b288,Computer and Information Systems Managers,Male,Black,30-60K,30,Bachelor’s Degree,6-10 years,Somewhat agree,Strongly disagree,Strongly agree,Strongly disagree,,Democrat,I have some experience using them.,"Yes, I have used them occasionally for specific tasks.",Weekly,Weekly,Weekly,Daily,Daily,Weekly,Daily,Weekly,Weekly,Prolific
2e027f5b-019e-4215-ae3c-180cf6c576ff,Information Technology Project Managers,Male,Black,86K-165K,26,Master’s Degree,6-10 years,Strongly disagree,Strongly disagree,Strongly disagree,Strongly disagree,90001,Republican,I have heard of them but don't know much about their functionalities.,"Yes, I use them every day in my work.",Daily,Daily,Daily,Daily,Daily,Daily,Daily,Daily,Daily,Prolific
b2efd415-bcf4-4465-8ff5-34e2dd167f01,Information Technology Project Managers,Male,Black,0-30K,32,Bachelor’s Degree,3-5 years,Strongly agree,Neither agree nor disagree,Somewhat agree,Somewhat disagree,,No political affliation,I use them regularly.,"Yes, I have used them occasionally for specific tasks.",Weekly,Weekly,Daily,Weekly,Daily,Daily,Daily,Daily,Weekly,WoM
ac9969bb-e13d-408a-8092-ef8eee5ad2f5,Computer and Information Systems Managers,Female,White,165K-209K,44,Master’s Degree,1-2 year,Somewhat agree,Somewhat disagree,Somewhat disagree,Somewhat disagree,,Democrat,I use them regularly.,"Yes, I use them every day in my work.",Never,Weekly,Weekly,Daily,Daily,Never,Monthly,Never,Daily,Prolific
77912bd1-921b-40b8-9c9c-f80822a6a40a,Computer and Information Systems Managers,Male,White,60-86K,36,Associate Degree,3-5 years,Strongly agree,Somewhat agree,Strongly agree,Somewhat agree,,Libertarian,I use them regularly.,"Yes, I use them every day in my work.",Daily,Daily,Daily,Daily,Daily,Daily,Daily,Daily,Daily,Prolific
f7d12a48-ce3a-495e-a132-f4b10ca073ac,Computer and Information Systems Managers,Male,White,86K-165K,34,Bachelor’s Degree,6-10 years,Somewhat agree,Somewhat disagree,Neither agree nor disagree,Neither agree nor disagree,,Democrat,I have some experience using them.,"Yes, I have used them occasionally for specific tasks.",Daily,Weekly,Monthly,Daily,Daily,Daily,Daily,Weekly,Daily,Prolific
c341e4cc-eb09-476d-977b-1bd44b8ef293,Computer and Information Systems Managers,Male,White,30-60K,33,Bachelor’s Degree,3-5 years,Strongly disagree,Strongly agree,Neither agree nor disagree,Strongly agree,33917,Republican,I have some experience using them.,"No, I have not used them for any work-related activities.",,,,,,,,,,Prolific
af21c46a-23b2-409e-8aa7-a52ae72f4c7a,Computer and Information Systems Managers,Male,Asian American and Pacific Islander,60-86K,25,Bachelor’s Degree,1-2 year,Strongly agree,Neither agree nor disagree,Somewhat agree,Somewhat agree,,Independent,I use them regularly.,"Yes, I use them every week in my work.",Weekly,Monthly,Weekly,Daily,Monthly,Weekly,Never,Never,Monthly,Prolific
6e30e573-eb3e-4fe5-96eb-0753aeb0d41b,Computer and Information Systems Managers,Male,White,86K-165K,48,Bachelor’s Degree,More than 10 years,Strongly agree,Somewhat agree,Somewhat agree,Strongly disagree,60046,Democrat,I use them regularly.,"Yes, I use them every day in my work.",Daily,Weekly,Monthly,Monthly,Weekly,Monthly,Never,Never,Never,Prolific
4ef074b3-f5e8-4480-bc48-bc3e68fda386,Computer and Information Systems Managers,Male,White,60-86K,27,Bachelor’s Degree,3-5 years,Strongly agree,Strongly agree,Somewhat agree,Somewhat agree,92392,Independent,I have some experience using them.,"Yes, I use them every day in my work.",Weekly,Daily,Monthly,Weekly,Weekly,Monthly,Daily,Weekly,Monthly,Prolific
9d0bdd60-4ab5-416a-8231-fdcdc4b92b32,Computer and Information Systems Managers,Male,Asian American and Pacific Islander,209K-529K,49,Bachelor’s Degree,More than 10 years,Strongly agree,Somewhat agree,Strongly agree,Somewhat disagree,,Independent,I use them regularly.,"No, I have not used them for any work-related activities.",,,,,,,,,,Prolific
051bafa4-57c0-4b01-a4ad-828c78afadfb,Computer and Information Systems Managers,Male,White,30-60K,54,"Some College, No Degree",More than 10 years,Somewhat agree,Neither agree nor disagree,Somewhat agree,Neither agree nor disagree,14883,Democrat,I have some experience using them.,"Yes, I use them every week in my work.",Weekly,Weekly,Weekly,Weekly,Never,Never,Never,Never,Monthly,Prolific
fb4e42d6-6487-4bcf-98af-99a49f70567a,Computer and Information Systems Managers,Male,White,165K-209K,49,Master’s Degree,More than 10 years,Somewhat agree,Somewhat disagree,Somewhat disagree,Somewhat disagree,,Republican,I have some experience using them.,"Yes, I have used them occasionally for specific tasks.",Weekly,Daily,Weekly,Weekly,Daily,Weekly,Daily,Weekly,Daily,Prolific
bf8d604e-9b5d-4b1b-8305-a9dcb097bf54,Computer and Information Systems Managers,Male,Asian American and Pacific Islander,86K-165K,27,Master’s Degree,3-5 years,Somewhat agree,Somewhat agree,Somewhat agree,Strongly agree,,Republican,I have some experience using them.,"Yes, I use them every week in my work.",Never,Never,Never,Never,Never,Never,Never,Never,Never,Prolific
d0439194-692f-47e7-8339-54a9cbfd9d91,Computer and Information Systems Managers,Male,White,30-60K,49,High School,6-10 years,Strongly agree,Strongly disagree,Strongly agree,Strongly disagree,,Democrat,I use them regularly.,"Yes, I use them every day in my work.",Daily,Weekly,Daily,Daily,Daily,Daily,Weekly,Monthly,Weekly,Prolific
87db9938-ea76-428e-994d-21f371cad1ce,Computer and Information Systems Managers,Male,White,30-60K,36,Master’s Degree,6-10 years,Strongly agree,Strongly disagree,Somewhat agree,Somewhat agree,,Republican,I have some experience using them.,"Yes, I have used them occasionally for specific tasks.",Weekly,Weekly,Monthly,Daily,Weekly,Monthly,Daily,Weekly,Weekly,Prolific
216194e7-e39d-42f9-bf89-af0537983c5f,Computer and Information Systems Managers,Male,Black,30-60K,18,Bachelor’s Degree,1-2 year,Strongly agree,Somewhat agree,Strongly agree,Strongly disagree,37862,Democrat,I use them regularly.,"Yes, I use them every day in my work.",Daily,Weekly,Weekly,Daily,Daily,Weekly,Weekly,Weekly,Monthly,Prolific
1b3f2ed4-9876-4972-a951-cdae12118c0b,Computer Systems Analysts,Male,Hispanic,0-30K,30,Prefer not to say,More than 10 years,Strongly agree,Strongly disagree,Somewhat agree,Neither agree nor disagree,89104,Independent,I have some experience using them.,"Yes, I have used them occasionally for specific tasks.",Daily,Daily,Never,Never,Daily,Never,Never,Daily,Daily,Prolific
b1ab6256-5078-4533-a5b9-e3127d47b0bf,Computer Systems Analysts,Male,Other,30-60K,38,Bachelor’s Degree,6-10 years,Somewhat agree,Strongly agree,Somewhat agree,Strongly agree,,Libertarian,I use them regularly.,"Yes, I use them every week in my work.",Weekly,Monthly,Weekly,Never,Never,Never,Never,Never,Never,Prolific
b91beceb-88e8-42bb-9784-355cead074d3,Computer and Information Systems Managers,Male,White,86K-165K,60,"Some College, No Degree",More than 10 years,Somewhat agree,Somewhat disagree,Strongly agree,Neither agree nor disagree,,Republican,I have some experience using them.,"No, I have not used them for any work-related activities.",,,,,,,,,,Prolific
073fdfb6-505d-485e-a0f5-d628e3543671,Computer Systems Analysts,Female,White,60-86K,47,"Some College, No Degree",More than 10 years,Somewhat agree,Strongly agree,Somewhat agree,Strongly agree,1864,Democrat,I use them regularly.,"Yes, I use them every week in my work.",Daily,Weekly,Weekly,Daily,Daily,Daily,Weekly,Never,Daily,Prolific
78302b81-4938-4240-8768-e5d1a946c0bc,Computer and Information Systems Managers,Female,White,86K-165K,44,"Doctorate (e.g., PhD)",More than 10 years,Strongly disagree,Strongly disagree,Strongly agree,Strongly disagree,,Republican,I use them regularly.,"Yes, I use them every day in my work.",Daily,Daily,Daily,Daily,Daily,Daily,Daily,Daily,Daily,Prolific
f8050db7-6869-4cb3-8c3d-3ef5189ba8fc,Computer and Information Systems Managers,Male,White,86K-165K,18,Bachelor’s Degree,3-5 years,Strongly agree,Strongly agree,Strongly agree,Neither agree nor disagree,,Republican,I have some experience using them.,"No, I have not used them for any work-related activities.",,,,,,,,,,Prolific
efb4d600-bd0c-4f02-9042-49524da88bd2,Computer and Information Systems Managers,Male,Black,209K-529K,25,Bachelor’s Degree,6-10 years,Strongly agree,Somewhat agree,Strongly agree,Somewhat disagree,19809,Republican,I use them regularly.,"Yes, I use them every day in my work.",Weekly,Daily,Daily,Weekly,Daily,Daily,Daily,Weekly,Daily,Prolific
3f2a5f20-54a5-4388-8568-e33cbf2fb737,Computer Systems Analysts,Male,Black,60-86K,27,Master’s Degree,3-5 years,Strongly agree,Neither agree nor disagree,Neither agree nor disagree,Somewhat agree,,Democrat,I have some experience using them.,"Yes, I use them every week in my work.",Weekly,Weekly,Weekly,Weekly,Weekly,Weekly,Weekly,Weekly,Weekly,Prolific
d17e7c1a-c119-4923-b0da-ffd56663a382,Computer and Information Systems Managers,Female,White,60-86K,41,Associate Degree,1-2 year,Somewhat agree,Neither agree nor disagree,Neither agree nor disagree,Somewhat agree,48185,Democrat,I use them regularly.,"Yes, I use them every week in my work.",Daily,Weekly,Daily,Daily,Daily,Daily,Never,Daily,Weekly,Prolific
692898ca-ca4e-4871-ba56-d44f7f9def30,Computer Systems Analysts,Female,White,0-30K,21,"Some College, No Degree",Less than 1 year,Somewhat agree,Somewhat disagree,Somewhat agree,Strongly disagree,33809,Democrat,I use them regularly.,"Yes, I use them every week in my work.",Monthly,Weekly,Weekly,Weekly,Monthly,Weekly,Never,Never,Never,Prolific
560754d9-1e99-4f15-abc9-b50d01d81781,Computer and Information Systems Managers,Female,White,86K-165K,54,Bachelor’s Degree,3-5 years,Strongly agree,Somewhat disagree,Somewhat agree,Somewhat disagree,95111,Republican,I have some experience using them.,"Yes, I use them every week in my work.",Monthly,Weekly,Monthly,Weekly,Monthly,Weekly,Daily,Monthly,Weekly,Prolific
7880981c-59da-4d72-96c6-83f3607d288e,Computer Systems Analysts,Male,Hispanic,30-60K,56,Bachelor’s Degree,6-10 years,Somewhat agree,Somewhat agree,Somewhat agree,Somewhat agree,,Democrat,I use them regularly.,"Yes, I have used them occasionally for specific tasks.",Daily,Weekly,Weekly,Weekly,Weekly,Weekly,Never,Never,Never,Prolific
d0a28cb3-f349-483b-b346-31c91497a296,Computer and Information Systems Managers,Male,White,86K-165K,18,Bachelor’s Degree,More than 10 years,Somewhat agree,Somewhat agree,Somewhat agree,Somewhat agree,,Republican,I have some experience using them.,"Yes, I use them every week in my work.",Weekly,Weekly,Weekly,Weekly,Weekly,Weekly,Weekly,Weekly,Weekly,Prolific
118a8339-4594-474c-a25d-037bc1d9a43c,Computer and Information Systems Managers,Male,White,86K-165K,24,Bachelor’s Degree,3-5 years,Strongly agree,Strongly agree,Strongly agree,Strongly disagree,,Republican,I use them regularly.,"Yes, I use them every day in my work.",Daily,Daily,Daily,Daily,Daily,Daily,Daily,Daily,Daily,Prolific
3ef36c0f-554a-4a88-831f-1e0f5250831b,Computer Systems Analysts,Male,Black,86K-165K,35,Master’s Degree,6-10 years,Neither agree nor disagree,Neither agree nor disagree,Strongly agree,Somewhat disagree,20148,Independent,I use them regularly.,"Yes, I use them every day in my work.",Weekly,Daily,Weekly,Daily,Daily,Daily,Daily,Weekly,Daily,Prolific
9e2a580d-dbd6-4b1c-89be-6cf37bb1fa27,Computer and Information Systems Managers,Male,Black,60-86K,18,Master’s Degree,6-10 years,Strongly agree,Neither agree nor disagree,Strongly agree,Strongly disagree,20149,Democrat,I use them regularly.,"Yes, I use them every day in my work.",Weekly,Weekly,Weekly,Never,Weekly,Never,Weekly,Monthly,Monthly,Prolific
90f62f69-424f-42ff-8701-05c02c8bd159,Computer and Information Systems Managers,Male,White,30-60K,51,Bachelor’s Degree,More than 10 years,Strongly agree,Somewhat disagree,Strongly agree,Somewhat disagree,87508,Republican,I use them regularly.,"Yes, I use them every day in my work.",Daily,Weekly,Daily,Daily,Never,Weekly,Daily,Daily,Weekly,Prolific
e5c920fc-7893-4b9b-b5c0-58aca98c82be,Information Technology Project Managers,Male,Black,30-60K,28,Bachelor’s Degree,3-5 years,Somewhat agree,Strongly agree,Strongly agree,Somewhat agree,900001,Independent,I have some experience using them.,"Yes, I use them every day in my work.",Daily,Daily,Daily,Daily,Daily,Daily,Daily,Monthly,Monthly,WoM
4cfdbc04-43f3-464b-84a9-790f454cc84d,Computer and Information Systems Managers,Female,Black,86K-165K,18,Bachelor’s Degree,1-2 year,Strongly agree,Somewhat agree,Strongly agree,Strongly disagree,10041,Democrat,I use them regularly.,"Yes, I use them every day in my work.",Daily,Daily,Daily,Daily,Daily,Daily,Daily,Daily,Daily,Prolific
0a9639fd-8b82-4d85-8bba-90b6462760d5,Computer and Information Systems Managers,Female,Black,165K-209K,27,Master’s Degree,6-10 years,Strongly agree,Strongly agree,Strongly agree,Strongly disagree,,Democrat,I have some experience using them.,"Yes, I have used them occasionally for specific tasks.",Daily,Daily,Daily,Daily,Daily,Daily,Daily,Weekly,Daily,Prolific
c1672ba2-0cee-4f04-bc07-cd385d6c895d,Computer Systems Analysts,Male,White,60-86K,36,"Professional Degree (e.g., MD, JD)",1-2 year,Somewhat agree,Somewhat disagree,Somewhat agree,Somewhat disagree,,Independent,I use them regularly.,"Yes, I have used them occasionally for specific tasks.",Never,Never,Never,Never,Monthly,Never,Monthly,Never,Monthly,Prolific
7244fcfe-9792-4f6a-84dd-29ce048d9889,Computer Systems Analysts,Female,White,165K-209K,33,"Doctorate (e.g., PhD)",6-10 years,Strongly agree,Strongly agree,Strongly agree,Somewhat disagree,68501,Democrat,I use them regularly.,"Yes, I use them every week in my work.",Daily,Weekly,Weekly,Weekly,Monthly,Weekly,Weekly,Daily,Weekly,Prolific
de7d26af-62e0-46e5-881a-166cb7ffdc19,Computer Systems Analysts,Male,White,30-60K,41,Master’s Degree,3-5 years,Somewhat agree,Somewhat disagree,Strongly agree,Somewhat disagree,,Independent,I use them regularly.,"Yes, I use them every day in my work.",Daily,Weekly,Weekly,Daily,Weekly,Weekly,Daily,Monthly,Weekly,Prolific
dde4ad2d-758a-4cf5-91c9-72782474aa8c,Computer Systems Analysts,Female,White,60-86K,26,"Professional Degree (e.g., MD, JD)",3-5 years,Somewhat agree,Somewhat agree,Somewhat disagree,Somewhat agree,,Independent,I have some experience using them.,"Yes, I use them every day in my work.",Daily,Weekly,Weekly,Weekly,Daily,Daily,Never,Never,Daily,Prolific
70500d15-d407-429a-97ea-107b964f3b77,Computer Systems Engineers/Architects,Male,White,209K-529K,27,Bachelor’s Degree,3-5 years,Strongly agree,Strongly disagree,Somewhat agree,Strongly disagree,92630,Prefer not to answer,I use them regularly.,"Yes, I use them every week in my work.",Daily,Monthly,Monthly,Never,Monthly,Never,Weekly,Monthly,Daily,Upwork
f375b1dd-cf9c-4f5d-82f4-b4e674b902d0,Information Technology Project Managers,Male,Black,0-30K,28,Bachelor’s Degree,6-10 years,Neither agree nor disagree,Somewhat agree,Somewhat agree,Strongly agree,,No political affliation,I have some experience using them.,"Yes, I use them every week in my work.",Weekly,Weekly,Weekly,Daily,Weekly,Weekly,Weekly,Weekly,Weekly,WoM
d8b71c8b-763b-4f12-8bf3-bfc18c5af4ce,Computer Systems Analysts,Female,White,86K-165K,63,Bachelor’s Degree,More than 10 years,Strongly agree,Strongly agree,Strongly agree,Somewhat agree,,Republican,I use them regularly.,"Yes, I use them every day in my work.",Weekly,Weekly,Never,Daily,Weekly,Weekly,Never,Never,Never,Prolific
fa785f60-af5d-4322-94ee-6cd65d98e86c,Computer Systems Analysts,Male,Other,60-86K,25,Bachelor’s Degree,1-2 year,Strongly agree,Somewhat agree,Strongly agree,Somewhat disagree,,Independent,I use them regularly.,"Yes, I use them every day in my work.",Daily,Daily,Daily,Daily,Daily,Daily,Daily,Never,Never,Prolific
6b6f9272-a6bc-4b0c-9e0e-b68d82abac39,Computer Systems Analysts,Male,White,165K-209K,44,Bachelor’s Degree,More than 10 years,Somewhat disagree,Strongly disagree,Strongly disagree,Somewhat disagree,28607,Republican,I use them regularly.,"Yes, I use them every week in my work.",Weekly,Weekly,Weekly,Weekly,Weekly,Weekly,Weekly,Weekly,Weekly,Prolific
62cf3c63-3007-45a1-8225-37c03128ff36,Computer Systems Analysts,Male,White,30-60K,33,"Some College, No Degree",1-2 year,Somewhat agree,Somewhat agree,Somewhat agree,Somewhat agree,,Democrat,I use them regularly.,"Yes, I use them every week in my work.",Daily,Daily,Daily,Monthly,Weekly,Daily,Daily,Monthly,Weekly,Prolific
b22429d3-2fb5-4adb-bde7-13bdcc990a33,Computer Systems Analysts,Female,White,86K-165K,49,"Some College, No Degree",6-10 years,Somewhat agree,Somewhat agree,Strongly agree,Somewhat disagree,,Independent,I have some experience using them.,"Yes, I use them every week in my work.",Monthly,Weekly,Monthly,Weekly,Never,Never,Never,Never,Never,Prolific
9b8b74b5-b29c-4738-8bd3-4ef6870b7f6a,Computer Systems Analysts,Female,White,60-86K,39,Bachelor’s Degree,6-10 years,Somewhat agree,Somewhat disagree,Somewhat disagree,Somewhat disagree,,Republican,I have some experience using them.,"Yes, I have used them occasionally for specific tasks.",Never,Monthly,Never,Never,Never,Never,Monthly,Never,Never,Prolific
779c682a-290e-4ce7-8ea9-bfa1755b3d00,Information Technology Project Managers,Male,White,86K-165K,42,Bachelor’s Degree,More than 10 years,Somewhat agree,Somewhat agree,Somewhat agree,Strongly agree,48168,No political affliation,I use them regularly.,"Yes, I have used them occasionally for specific tasks.",Daily,Daily,Monthly,Monthly,Weekly,Never,Weekly,Monthly,Monthly,Prolific
cc602f61-7db0-42f2-a05e-29a18a09668f,Computer Systems Analysts,Female,White,86K-165K,36,Bachelor’s Degree,3-5 years,Neither agree nor disagree,Neither agree nor disagree,Neither agree nor disagree,Somewhat disagree,,Independent,I have heard of them but don't know much about their functionalities.,"Yes, I have used them occasionally for specific tasks.",Weekly,Weekly,Weekly,Daily,Daily,Daily,Weekly,Weekly,Weekly,Prolific
d2dde44c-83d4-4bd6-8b29-78319f401143,Computer Systems Analysts,Male,Hispanic,86K-165K,36,Master’s Degree,6-10 years,Strongly agree,Somewhat disagree,Strongly agree,Strongly disagree,49684,Democrat,I use them regularly.,"Yes, I use them every day in my work.",Daily,Daily,Daily,Daily,Weekly,Weekly,Daily,Weekly,Weekly,Prolific
6e6d4ac7-2370-475b-82c4-3f4a92a30577,Computer Systems Engineers/Architects,Male,White,86K-165K,38,Master’s Degree,More than 10 years,Somewhat agree,Somewhat disagree,Strongly agree,Somewhat disagree,55347,Democrat,I use them regularly.,"Yes, I use them every day in my work.",Never,Monthly,Monthly,Monthly,Never,Never,Daily,Weekly,Never,Prolific
032bd8a8-0ec1-4bc4-8b99-e27ee620e926,Information Technology Project Managers,Female,White,165K-209K,42,Bachelor’s Degree,More than 10 years,Somewhat agree,Neither agree nor disagree,Somewhat agree,Neither agree nor disagree,,Democrat,I have some experience using them.,"Yes, I use them every week in my work.",Weekly,Weekly,Monthly,Monthly,Never,Never,Never,Never,Monthly,Prolific
f4340410-e0b8-4330-9692-cf172bfe8eae,Information Technology Project Managers,Male,White,86K-165K,35,Master’s Degree,6-10 years,Somewhat agree,Neither agree nor disagree,Strongly agree,Somewhat agree,64034,Independent,I use them regularly.,"Yes, I use them every day in my work.",Daily,Daily,Weekly,Weekly,Daily,Weekly,Daily,Monthly,Weekly,Prolific
1377d16b-bdeb-4e05-9f78-1e0211deb1f6,Computer Systems Analysts,Male,Black,0-30K,46,"Some College, No Degree",3-5 years,Strongly agree,Somewhat disagree,Strongly agree,Strongly disagree,,Independent,I have some experience using them.,"Yes, I have used them occasionally for specific tasks.",Weekly,Daily,Monthly,Daily,Daily,Weekly,Monthly,Never,Never,Prolific
bfdd5f24-3bcd-416b-bccb-28b807111957,Information Technology Project Managers,Female,White,86K-165K,35,Bachelor’s Degree,6-10 years,Strongly disagree,Strongly disagree,Strongly disagree,Strongly disagree,31805,Democrat,I use them regularly.,"Yes, I use them every day in my work.",Never,Never,Never,Never,Never,Never,Never,Never,Never,Prolific
fc5ce75e-c577-4460-993a-9ce7a1749fef,Computer Systems Analysts,Male,White,86K-165K,35,Bachelor’s Degree,6-10 years,Strongly disagree,Strongly disagree,Strongly disagree,Strongly disagree,19707,Independent,I use them regularly.,"Yes, I use them every week in my work.",Monthly,Weekly,Weekly,Weekly,Weekly,Never,Monthly,Monthly,Weekly,Prolific
9829fdbf-4224-446f-8433-ad68a40d9baf,Information Technology Project Managers,Male,White,209K-529K,40,Master’s Degree,More than 10 years,Somewhat agree,Strongly agree,Somewhat agree,Strongly agree,,Republican,I use them regularly.,"Yes, I use them every day in my work.",Daily,Daily,Daily,Daily,Daily,Weekly,Daily,Daily,Daily,Prolific
8a9fb059-9f7e-4609-b589-e775355a1f53,Information Technology Project Managers,Female,White,30-60K,18,"Doctorate (e.g., PhD)",3-5 years,Somewhat agree,Somewhat disagree,Strongly agree,Strongly disagree,43228,Independent,I use them regularly.,"Yes, I use them every week in my work.",Daily,Daily,Daily,Daily,Daily,Daily,Daily,Weekly,Daily,Prolific
1e95ad73-c199-48c4-b2d4-3819f3e5e4db,Information Technology Project Managers,Male,White,209K-529K,64,Master’s Degree,More than 10 years,Strongly agree,Somewhat agree,Strongly agree,Somewhat disagree,,No political affliation,I use them regularly.,"Yes, I use them every day in my work.",Daily,Weekly,Weekly,Daily,Daily,Daily,Never,Never,Weekly,Prolific
4f4b2c03-168a-43c0-8feb-8e65c1b69772,Information Technology Project Managers,Female,Black,30-60K,32,Master’s Degree,3-5 years,Somewhat agree,Strongly agree,Strongly agree,Somewhat agree,,Democrat,I use them regularly.,"Yes, I use them every day in my work.",Weekly,Daily,Weekly,Daily,Weekly,Weekly,Weekly,Daily,Daily,Prolific
b3c693c9-17f0-456c-a400-ca09c8a3513a,Computer Systems Analysts,Male,White,30-60K,40,"Some College, No Degree",More than 10 years,Somewhat agree,Somewhat agree,Somewhat agree,Neither agree nor disagree,68516,Republican,I use them regularly.,"Yes, I have used them occasionally for specific tasks.",Monthly,Monthly,Monthly,Monthly,Weekly,Never,Never,Monthly,Never,Prolific
957c0739-f9cb-4f60-9510-ef11fceee131,Computer and Information Research Scientists,Female,White,60-86K,18,"Some College, No Degree",6-10 years,Strongly disagree,Somewhat disagree,Strongly agree,Strongly disagree,,Democrat,I have some experience using them.,"Yes, I have used them occasionally for specific tasks.",Daily,Weekly,Daily,Daily,Daily,Weekly,Daily,Daily,Daily,Prolific
fe12207a-5903-4e15-a28f-e048d4fd9d67,Computer and Information Research Scientists,Female,Asian American and Pacific Islander,165K-209K,23,Master’s Degree,1-2 year,Strongly agree,Somewhat agree,Strongly agree,Somewhat disagree,,No political affliation,I use them regularly.,"Yes, I use them every day in my work.",Monthly,Daily,Weekly,Daily,Weekly,Monthly,Never,Monthly,Monthly,Upwork
582a11a6-cd77-4809-94ab-d4690cbcba4d,Information Technology Project Managers,Female,White,60-86K,57,Master’s Degree,More than 10 years,Strongly agree,Neither agree nor disagree,Strongly agree,Strongly disagree,,Democrat,I use them regularly.,"Yes, I use them every day in my work.",Daily,Daily,Daily,Daily,Weekly,Weekly,Weekly,Monthly,Daily,Prolific
0c039533-76ca-4aac-8dc1-cc0ad476e4cc,Computer and Information Research Scientists,Female,White,30-60K,18,Bachelor’s Degree,1-2 year,Somewhat agree,Somewhat agree,Somewhat agree,Neither agree nor disagree,43228,Democrat,I have some experience using them.,"Yes, I have used them occasionally for specific tasks.",Monthly,Monthly,Monthly,Monthly,Monthly,Monthly,Monthly,Monthly,Monthly,Prolific
480cd094-f4c0-4dc0-95d3-e549191d5809,Computer and Information Research Scientists,Female,Black,30-60K,25,Master’s Degree,3-5 years,Somewhat agree,Somewhat disagree,Somewhat agree,Somewhat disagree,,Republican,I use them regularly.,"Yes, I use them every day in my work.",Daily,Weekly,Daily,Daily,Daily,Daily,Weekly,Monthly,Daily,Prolific
02d6cb2c-ffc1-4683-bc2a-9232b2e098a5,Computer and Information Research Scientists,Prefer not to say,Asian American and Pacific Islander,30-60K,26,Bachelor’s Degree,1-2 year,Strongly agree,Somewhat agree,Strongly agree,Somewhat disagree,,Prefer not to answer,I use them regularly.,"Yes, I use them every day in my work.",Daily,Monthly,Never,Weekly,Monthly,Never,Weekly,Never,Never,WoM
69bd9b91-6895-4651-be42-da136f8c5064,Information Technology Project Managers,Male,Other,86K-165K,30,Master’s Degree,6-10 years,Strongly agree,Strongly agree,Strongly agree,Strongly agree,94305,Prefer not to answer,I use them regularly.,"Yes, I use them every day in my work.",Daily,Daily,Never,Daily,Daily,Never,Monthly,Daily,Daily,WoM
e19998e9-9ae9-4480-82a7-73bd07e3d564,Computer and Information Research Scientists,Male,Asian American and Pacific Islander,209K-529K,60,"Doctorate (e.g., PhD)",3-5 years,Strongly agree,Somewhat agree,Strongly agree,Somewhat disagree,,No political affliation,I use them regularly.,"Yes, I use them every day in my work.",Weekly,Weekly,Monthly,Daily,Weekly,Monthly,Daily,Monthly,Daily,Upwork
36960194-49bb-4dfc-9e4f-fc1da8ac7325,Computer Systems Engineers/Architects,Male,Other,165K-209K,23,Master’s Degree,3-5 years,Strongly agree,Somewhat disagree,Strongly agree,Strongly disagree,,No political affliation,I use them regularly.,"Yes, I use them every day in my work.",Weekly,Weekly,Weekly,Weekly,Weekly,Weekly,Weekly,Weekly,Weekly,WoM
306c5b28-fcbf-405b-ae5e-a16cebc6beaa,Computer and Information Research Scientists,Male,Other,0-30K,25,"Doctorate (e.g., PhD)",1-2 year,Strongly agree,Neither agree nor disagree,Strongly agree,Strongly disagree,28262,Other,I use them regularly.,"Yes, I use them every day in my work.",Weekly,Weekly,Monthly,Weekly,Daily,Monthly,Daily,Weekly,Monthly,WoM
ddc4f45b-bbfa-435a-81b2-31195a0998a9,Information Technology Project Managers,Male,White,Prefer not to say,33,Bachelor’s Degree,6-10 years,Somewhat agree,Somewhat disagree,Somewhat agree,Neither agree nor disagree,,Republican,I have some experience using them.,"No, I have not used them for any work-related activities.",,,,,,,,,,Prolific
c46df0fa-0f38-4c42-9dd7-1dbdc5c4b952,Information Technology Project Managers,Male,White,529K+,40,"Doctorate (e.g., PhD)",More than 10 years,Strongly agree,Strongly agree,Strongly agree,Neither agree nor disagree,78410,Democrat,I use them regularly.,"Yes, I use them every day in my work.",Daily,Daily,Daily,Daily,Daily,Daily,Daily,Daily,Daily,Prolific
9f1cb4ed-9b72-4880-a369-cd6f44f322b5,Information Technology Project Managers,Male,White,30-60K,54,"Some College, No Degree",More than 10 years,Somewhat agree,Neither agree nor disagree,Neither agree nor disagree,Neither agree nor disagree,,Democrat,I have some experience using them.,"Yes, I have used them occasionally for specific tasks.",Weekly,Weekly,Monthly,Daily,Weekly,Monthly,Never,Never,Monthly,WoM
6ef95e7e-93ae-4a2d-9ca7-0b126b4a3516,Information Technology Project Managers,Male,White,209K-529K,57,Bachelor’s Degree,6-10 years,Somewhat agree,Somewhat disagree,Somewhat agree,Neither agree nor disagree,80602,Independent,I use them regularly.,"Yes, I use them every week in my work.",Weekly,Weekly,Weekly,Monthly,Monthly,Never,Never,Never,Monthly,Prolific
b4757efb-b03c-4b21-bbe5-85b5708de3ac,Computer and Information Research Scientists,Male,White,86K-165K,27,Master’s Degree,1-2 year,Somewhat agree,Somewhat agree,Strongly agree,Strongly disagree,,Democrat,I use them regularly.,"Yes, I use them every week in my work.",Never,Weekly,Monthly,Never,Never,Never,Weekly,Never,Never,WoM
72597cb1-a901-4fda-b382-1d3fbc4b8048,Computer Systems Analysts,Female,White,86K-165K,29,Bachelor’s Degree,6-10 years,Strongly agree,Somewhat agree,Strongly agree,Somewhat disagree,,Independent,I use them regularly.,"Yes, I use them every week in my work.",Daily,Weekly,Daily,Daily,Daily,Daily,Weekly,Monthly,Weekly,Prolific
06f68046-40a1-41d2-92db-ac3a1e5da413,Computer and Information Research Scientists,Prefer not to say,Asian American and Pacific Islander,Prefer not to say,25,Prefer not to say,Less than 1 year,Strongly disagree,Strongly disagree,Somewhat agree,Neither agree nor disagree,,Prefer not to answer,I use them regularly.,"Yes, I use them every day in my work.",Never,Never,Never,Never,Never,Never,Never,Never,Never,WoM
b987957c-5332-4377-9072-5737e14a07eb,Computer and Information Research Scientists,Female,Asian American and Pacific Islander,529K+,18,Bachelor’s Degree,6-10 years,Strongly agree,Somewhat agree,Strongly agree,Somewhat disagree,94158,Prefer not to answer,I use them regularly.,"Yes, I use them every day in my work.",Daily,Daily,Daily,Daily,Weekly,Daily,Daily,Weekly,Weekly,WoM
bc365350-33bd-44d0-a03f-88a0712802b9,Computer Systems Analysts,Male,White,86K-165K,36,Bachelor’s Degree,More than 10 years,Strongly agree,Neither agree nor disagree,Somewhat agree,Somewhat agree,21230,Libertarian,I have some experience using them.,"Yes, I have used them occasionally for specific tasks.",Weekly,Weekly,Weekly,Daily,Daily,Weekly,Monthly,Daily,Daily,Prolific
3b7105a2-94c9-4212-8f92-bd41bfc681d6,Computer and Information Research Scientists,Male,Other,0-30K,18,Master’s Degree,3-5 years,Strongly agree,Somewhat agree,Somewhat agree,Neither agree nor disagree,95050,No political affliation,I use them regularly.,"Yes, I use them every day in my work.",Daily,Daily,Daily,Daily,Weekly,Monthly,Monthly,Never,Never,WoM
d971c29b-6386-429e-a6e6-5aaa80681983,Computer Systems Engineers/Architects,Male,Asian American and Pacific Islander,0-30K,37,Bachelor’s Degree,More than 10 years,Somewhat agree,Strongly agree,Strongly agree,Strongly agree,11373,Prefer not to answer,I use them regularly.,"Yes, I use them every day in my work.",Daily,Daily,Daily,Daily,Daily,Daily,Daily,Daily,Daily,Upwork
e777d1f1-2e65-49c1-b045-886dfd1f10a2,Information Technology Project Managers,Male,White,60-86K,35,Bachelor’s Degree,6-10 years,Somewhat agree,Strongly agree,Somewhat agree,Somewhat agree,78418,Republican,I have some experience using them.,"Yes, I use them every week in my work.",Weekly,Weekly,Weekly,Never,Weekly,Weekly,Weekly,Weekly,Weekly,Prolific
971757a8-105a-428b-a055-930ed46ffec4,Computer and Information Research Scientists,Male,Asian American and Pacific Islander,30-60K,22,Master’s Degree,3-5 years,Somewhat disagree,Somewhat agree,Strongly agree,Neither agree nor disagree,90007,Other,I use them regularly.,"Yes, I use them every day in my work.",Daily,Daily,Monthly,Monthly,Never,Never,Daily,Monthly,Daily,WoM
c5dd7c9b-d855-4d5b-97f5-fcdedc66af11,Computer and Information Research Scientists,Male,White,86K-165K,25,Bachelor’s Degree,3-5 years,Somewhat agree,Neither agree nor disagree,Strongly agree,Neither agree nor disagree,44067,Republican,I use them regularly.,"Yes, I use them every day in my work.",Daily,Daily,Monthly,Daily,Daily,Daily,Daily,Monthly,Daily,Upwork
1287fa62-3ac3-44e0-aca6-4f646ad1fca3,Information Technology Project Managers,Male,Black,209K-529K,18,Bachelor’s Degree,6-10 years,Somewhat disagree,Strongly agree,Strongly disagree,Strongly disagree,,Independent,I have heard of them but don't know much about their functionalities.,"No, I have not used them for any work-related activities.",,,,,,,,,,Prolific
b900f278-510f-46ab-84f6-f35021e7c34c,Information Technology Project Managers,Male,White,86K-165K,45,Bachelor’s Degree,More than 10 years,Strongly agree,Somewhat disagree,Strongly agree,Somewhat disagree,85249,Independent,I have some experience using them.,"Yes, I have used them occasionally for specific tasks.",Monthly,Monthly,Never,Monthly,Monthly,Never,Never,Never,Monthly,Prolific
35467683-36dd-4098-91a0-5be110b7641f,Computer Systems Engineers/Architects,Male,Asian American and Pacific Islander,529K+,48,"Doctorate (e.g., PhD)",More than 10 years,Strongly agree,Somewhat agree,Strongly agree,Strongly disagree,,Prefer not to answer,I use them regularly.,"Yes, I use them every day in my work.",Weekly,Daily,Monthly,Daily,Weekly,Never,Monthly,Never,Weekly,WoM
d304f8f6-c275-4e4c-9d44-f90b4bcee7db,Computer Systems Engineers/Architects,Female,Black,209K-529K,46,"Doctorate (e.g., PhD)",More than 10 years,Strongly agree,Strongly disagree,Strongly agree,Strongly disagree,,Independent,I use them regularly.,"Yes, I use them every day in my work.",Daily,Daily,Weekly,Daily,Weekly,Monthly,Weekly,Monthly,Weekly,Prolific
47e2200f-f97b-4f57-9117-65eda227748f,Computer Systems Engineers/Architects,Prefer not to say,Asian American and Pacific Islander,Prefer not to say,50,Master’s Degree,More than 10 years,Strongly agree,Strongly agree,Strongly agree,Strongly disagree,,No political affliation,I use them regularly.,"Yes, I use them every day in my work.",Daily,Daily,Weekly,Weekly,Weekly,Monthly,Daily,Monthly,Never,WoM
4bbdbefa-7d7f-47a0-89c1-ac7fd285f740,Information Technology Project Managers,Male,Asian American and Pacific Islander,86K-165K,36,Master’s Degree,3-5 years,Somewhat agree,Somewhat agree,Somewhat agree,Somewhat disagree,,No political affliation,I use them regularly.,"Yes, I use them every week in my work.",Weekly,Weekly,Weekly,Weekly,Monthly,Weekly,Monthly,Monthly,Monthly,WoM
feee15fe-5f10-43ae-9b04-db0b044220bc,Information Technology Project Managers,Male,Asian American and Pacific Islander,86K-165K,31,Associate Degree,More than 10 years,Strongly agree,Somewhat agree,Strongly agree,Strongly disagree,,Democrat,I use them regularly.,"Yes, I use them every week in my work.",Monthly,Monthly,Monthly,Monthly,Monthly,Never,Weekly,Monthly,Weekly,Upwork
18bf3b1a-380d-4286-8893-5bb8f8c29efb,Computer and Information Research Scientists,Female,Black,30-60K,29,Bachelor’s Degree,More than 10 years,Strongly agree,Strongly agree,Strongly agree,Strongly disagree,,Democrat,I use them regularly.,"Yes, I use them every day in my work.",Daily,Daily,Daily,Daily,Daily,Daily,Daily,Daily,Daily,Upwork
e07bf374-2a39-40c8-a9e6-bba00285edd6,Computer and Information Research Scientists,Male,Asian American and Pacific Islander,30-60K,35,"Doctorate (e.g., PhD)",3-5 years,Strongly agree,Somewhat disagree,Strongly agree,Strongly disagree,32826,Independent,I use them regularly.,"Yes, I use them every day in my work.",Daily,Daily,Daily,Daily,Weekly,Never,Weekly,Monthly,Weekly,Prolific
2d38acdd-d47c-4090-80c9-cc768449d9ab,Computer and Information Research Scientists,Male,Asian American and Pacific Islander,0-30K,20,Bachelor’s Degree,1-2 year,Strongly agree,Somewhat agree,Strongly agree,Somewhat agree,,Prefer not to answer,I use them regularly.,"Yes, I use them every day in my work.",Daily,Weekly,Weekly,Monthly,Weekly,Monthly,Daily,Monthly,Weekly,WoM
6a92d9b2-af20-48d7-ab1f-98cc427bef09,Computer and Information Research Scientists,Male,Other,165K-209K,32,Master’s Degree,3-5 years,Strongly agree,Somewhat disagree,Strongly agree,Strongly disagree,,No political affliation,I use them regularly.,"Yes, I use them every day in my work.",Daily,Daily,Daily,Daily,Daily,Daily,Daily,Daily,Daily,WoM
c210fd0d-88e3-4423-a603-26bc29bc69f0,Computer and Information Research Scientists,Female,Asian American and Pacific Islander,Prefer not to say,27,"Doctorate (e.g., PhD)",6-10 years,Strongly agree,Neither agree nor disagree,Strongly agree,Strongly disagree,,No political affliation,I use them regularly.,"Yes, I use them every day in my work.",Daily,Daily,Daily,Daily,Weekly,Weekly,Daily,Weekly,Weekly,WoM
1634b1fd-ac65-4ba6-bbd6-8a365109ff47,Computer Systems Engineers/Architects,Male,Asian American and Pacific Islander,86K-165K,31,Bachelor’s Degree,6-10 years,Somewhat agree,Strongly agree,Somewhat agree,Somewhat agree,,Democrat,I use them regularly.,"Yes, I use them every day in my work.",Daily,Weekly,Never,Never,Never,Never,Weekly,Never,Weekly,Upwork
f3de2064-b6ee-48d8-93d3-b8a0d1fda314,Computer Systems Engineers/Architects,Male,White,86K-165K,43,Bachelor’s Degree,More than 10 years,Strongly agree,Somewhat agree,Strongly agree,Somewhat agree,48187,Independent,I use them regularly.,"Yes, I use them every day in my work.",Daily,Daily,Weekly,Daily,Weekly,Weekly,Daily,Weekly,Daily,Upwork
bb5b9b6e-1289-4841-a6c5-10eec21d3296,Computer Systems Analysts,Female,Asian American and Pacific Islander,60-86K,25,Master’s Degree,1-2 year,Strongly agree,Somewhat agree,Somewhat agree,Neither agree nor disagree,,Democrat,I have some experience using them.,"Yes, I have used them occasionally for specific tasks.",Weekly,Weekly,Weekly,Daily,Daily,Weekly,Weekly,Monthly,Daily,WoM
ab4a13d8-7979-4a4b-a2c2-f16f8124ac4d,Computer and Information Research Scientists,Male,Other,0-30K,21,Bachelor’s Degree,1-2 year,Strongly agree,Neither agree nor disagree,Somewhat agree,Somewhat disagree,,Prefer not to answer,I have some experience using them.,"Yes, I have used them occasionally for specific tasks.",Monthly,Monthly,Monthly,Never,Monthly,Never,Weekly,Never,Monthly,WoM
c904660f-f20a-4dcc-b81a-6d19e4647e2f,Computer and Information Research Scientists,Male,Asian American and Pacific Islander,165K-209K,24,Master’s Degree,Less than 1 year,Strongly agree,Somewhat disagree,Somewhat agree,Strongly disagree,,No political affliation,I use them regularly.,"Yes, I use them every week in my work.",Weekly,Monthly,Never,Never,Monthly,Never,Weekly,Never,Daily,WoM
0ff78de2-c4de-4307-9469-f0ef6111d114,Computer Systems Engineers/Architects,Male,Asian American and Pacific Islander,30-60K,33,Bachelor’s Degree,More than 10 years,Strongly agree,Somewhat disagree,Strongly agree,Somewhat agree,8602,Democrat,I use them regularly.,"Yes, I use them every day in my work.",Daily,Weekly,Monthly,Weekly,Weekly,Weekly,Weekly,Weekly,Weekly,WoM
b7f7d3c6-867c-4d42-bc1a-2f5c23773973,Computer Systems Engineers/Architects,Male,White,86K-165K,45,Bachelor’s Degree,More than 10 years,Strongly agree,Somewhat agree,Strongly agree,Somewhat agree,48154,Democrat,I use them regularly.,"Yes, I use them every week in my work.",Weekly,Never,Never,Never,Weekly,Never,Never,Never,Never,Upwork
